[
    {
        "name":"mail",
        "title":"邮箱",
        "version":"1.1",
        "date":"2022-08-10",
        "help":"https://www.bt.cn/bbs/thread-108097-1-1.html",
        "ps":"宝塔邮箱消息通道，用于接收面板消息推送"
    },
    {
        "name":"dingding",
        "title":"钉钉",
        "version":"1.2",
        "date":"2022-08-10",
        "help":"https://www.bt.cn/bbs/thread-108081-1-1.html",
        "ps":"宝塔钉钉消息通道，用于接收面板消息推送"
    },
    {
        "name":"feishu",
        "title":"飞书",
        "version":"1.2",
        "date":"2022-08-10",
        "help":"https://www.bt.cn/bbs/thread-108274-1-1.html",
        "ps":"宝塔飞书消息通道，用于接收面板消息推送"
    },
	{
        "name":"weixin",
        "title":"企业微信",
        "version":"1.2",
        "date":"2022-08-10",
        "help":"https://www.bt.cn/bbs/thread-108116-1-1.html",
        "ps":"宝塔企业微信消息通道，用于接收面板消息推送"
    },
	{
        "name":"sms",
        "title":"短信通知",
        "version":"1.1",
        "date":"2022-08-02",
        "help":"https://www.bt.cn/bbs/thread-108758-1-1.html",
        "ps":"宝塔短信通知，用于接收面板消息推送"
    },
    {
        "name":"wx_account",
        "title":"微信公众号",
        "version":"1.0",
        "date":"2022-08-02",
        "help":"https://www.bt.cn/bbs/thread-108309-1-1.html",
        "ps":"宝塔微信公众号，用于接收面板消息推送"
    }
]
